"","alpha_bare","alpha_might","alpha_looks_like","alpha_probably","alpha_think","alpha_could","beta_bare","beta_might","beta_looks_like","beta_probably","beta_think","beta_could","cost_bare","cost_might","cost_looks_like","cost_probably","cost_think","cost_could","cost_bare_not","rat_alpha"
"1",2.04315613072668,0.511859381626366,3.13923804836177,4.95427961645282,2.614692667097,0.808734398101974,0.0036779918255081,4.23193345533697,1.08035846246603,3.28640335137401,1.67628636398021,2.47802073914486,1.97509675207782,0.657208761424064,4.1412176270125,4.32307344158908,1.73932582488633,1.30358251299382,1.03875039408817,1.53636317259986
