"","alpha_bare","alpha_might","alpha_looks_like","alpha_probably","alpha_think","alpha_could","beta_bare","beta_might","beta_looks_like","beta_probably","beta_think","beta_could","cost_bare","cost_might","cost_looks_like","cost_probably","cost_think","cost_could","cost_bare_not","rat_alpha"
"1",9.23733289604943,2.41490848415851,15.6538096530187,16.119477734019,13.7887920232253,3.75110998302907,2.35164778910994,23.8703199662655,8.49664303525212,12.5838376282558,11.0876465065032,16.4696609267368,3.15982699501706,0.927275841093488,3.66533205359445,3.54829971643312,2.03675734097355,1.74176393689861,1.0884717942826,1.26180032629012
