"","alpha_bare","alpha_might","alpha_looks_like","alpha_probably","alpha_think","alpha_could","beta_bare","beta_might","beta_looks_like","beta_probably","beta_think","beta_could","cost_bare","cost_might","cost_looks_like","cost_probably","cost_think","cost_could","cost_bare_not","rat_alpha"
"1",12.1560431507886,1.22733343553738,16.0522290317479,14.5473270890962,14.7060557551486,3.65733204170616,3.30996294744183,26.5695179117775,9.10893617242704,11.4287555510778,11.5422717911793,21.4667970571492,3.31221468401995,1.06712390096189,4.31535436883211,4.59264146360182,2.24739497908903,2.04106938309973,0.952069658013652,1.1116159145508
