"","alpha_bare","alpha_might","alpha_looks_like","alpha_probably","alpha_think","alpha_could","beta_bare","beta_might","beta_looks_like","beta_probably","beta_think","beta_could","cost_bare","cost_might","cost_looks_like","cost_probably","cost_think","cost_could","cost_bare_not","rat_alpha"
"1",12.7585109850107,1.82409454634584,16.6625096424565,15.4701474460449,12.7708201034488,3.95127660383408,3.86148994758522,23.9464553529912,8.94527603593406,11.8770918849787,9.75266712914321,22.0848124387093,3.27818480065887,1.0897378211278,4.37371583235674,4.15236012219128,2.32875699237801,2.11325601263031,0.975242494788234,1.09579798966112
