"","alpha_bare","alpha_might","alpha_looks_like","alpha_probably","alpha_think","alpha_could","beta_bare","beta_might","beta_looks_like","beta_probably","beta_think","beta_could","cost_bare","cost_might","cost_looks_like","cost_probably","cost_think","cost_could","cost_bare_not","rat_alpha"
"1",8.584278303854,1.68346227302435,15.7650312199863,16.2392088420567,14.3762927825476,3.2542284892386,2.03828306950027,21.6794845674879,8.57277819143704,12.7352652220106,11.6108231478364,13.040826935454,3.70486703110963,1.1166769961714,4.67171739663494,4.86774565989895,3.69110783911405,1.8364187332551,1.14147754932502,1.05171564665466
