"","alpha_bare","alpha_might","alpha_looks_like","alpha_probably","alpha_think","alpha_could","beta_bare","beta_might","beta_looks_like","beta_probably","beta_think","beta_could","cost_bare","cost_might","cost_looks_like","cost_probably","cost_think","cost_could","cost_bare_not","rat_alpha"
"1",12.2665241890554,1.40826441502391,16.9845053233509,16.0531139453617,14.8721690519994,3.48859020024573,3.60646902895163,22.2191499771193,9.14660894843462,12.2929896366854,11.4643087000135,16.6344175073949,3.453682335003,1.15455595550696,3.82997617489488,3.70253068970634,2.22290982943143,2.1584834762822,1.00497395658333,1.11753610454345
