"","alpha_bare","alpha_might","alpha_looks_like","alpha_probably","alpha_think","alpha_could","beta_bare","beta_might","beta_looks_like","beta_probably","beta_think","beta_could","cost_bare","cost_might","cost_looks_like","cost_probably","cost_think","cost_could","cost_bare_not","rat_alpha"
"1",10.4510942048338,1.80001711652573,15.2443572021642,15.7450232440699,14.6098530823836,3.38892809490713,2.82883563548373,23.3600970860054,8.14510345846506,12.4178006926265,11.5079018411903,13.3242012298244,2.78264150697376,1.19940076971913,4.82952763394096,3.69093557099232,2.38112283083532,2.2492424624082,1.03416988212282,1.07954079921729
