"","alpha_bare","alpha_might","alpha_looks_like","alpha_probably","alpha_think","alpha_could","beta_bare","beta_might","beta_looks_like","beta_probably","beta_think","beta_could","cost_bare","cost_might","cost_looks_like","cost_probably","cost_think","cost_could","cost_bare_not","rat_alpha"
"1",11.1193642164129,2.077931194544,15.0130353570731,14.676867617624,14.0540572548448,3.72526439162597,3.16825528811014,22.7867293650327,7.91121958070925,11.6758378128752,10.9308795160908,15.1863836218054,3.00035832394383,1.02897837406607,4.52901253402374,3.06275102617373,2.05912542415375,1.93620554044651,1.04588320705081,1.21167768638432
