"","alpha_bare","alpha_might","alpha_looks_like","alpha_probably","alpha_think","alpha_could","beta_bare","beta_might","beta_looks_like","beta_probably","beta_think","beta_could","cost_bare","cost_might","cost_looks_like","cost_probably","cost_think","cost_could","cost_bare_not","rat_alpha"
"1",9.62778595263718,1.77496932925657,16.2802094063512,16.2385298721838,13.2489739758858,3.80209488513325,2.92417405242059,22.7507402594456,9.20700181800513,12.9032248163727,10.3430216124336,16.3958497572151,4.06180448015112,1.17393938415001,3.81744058668387,3.26054451215638,2.12242700634608,1.96757591571531,1.08631858355312,1.13277996224081
