"","alpha_bare","alpha_might","alpha_looks_like","alpha_probably","alpha_think","alpha_could","beta_bare","beta_might","beta_looks_like","beta_probably","beta_think","beta_could","cost_bare","cost_might","cost_looks_like","cost_probably","cost_think","cost_could","cost_bare_not","rat_alpha"
"1",10.8337827382792,1.37182572119154,16.5067225033598,16.3326982614069,14.8664352198619,3.70570598760193,2.95599261097969,25.3821146118922,9.38324839470414,12.2156058323331,11.5706573393751,20.8471234106549,2.94985076643296,1.10152129337098,4.58183340690794,4.20086423704716,2.29186648888311,2.09975823400146,0.975625297056902,1.13668640388088
