"","alpha_bare","alpha_might","alpha_looks_like","alpha_probably","alpha_think","alpha_could","beta_bare","beta_might","beta_looks_like","beta_probably","beta_think","beta_could","cost_bare","cost_might","cost_looks_like","cost_probably","cost_think","cost_could","cost_bare_not","rat_alpha"
"1",2.80668568587674,0.0937839738806368,10.8941845002744,12.9208371442206,8.25783393693069,0.685708557856159,0.167522872723287,4.00128142430869,5.25785344003155,9.37739704221323,5.75059708496295,2.32674822288487,2.58069172077599,1.10790254699065,4.74610871488247,3.67066136037658,2.34834432711228,2.0562318194836,0.869500758030127,1.1539402851669
