"","alpha_bare","alpha_might","alpha_looks_like","alpha_probably","alpha_think","alpha_could","beta_bare","beta_might","beta_looks_like","beta_probably","beta_think","beta_could","cost_bare","cost_might","cost_looks_like","cost_probably","cost_think","cost_could","cost_bare_not","rat_alpha"
"1",10.8752986506973,0.78527137195247,15.6090469078757,14.8730686705561,12.6770587387969,3.31504720410799,2.96746769094743,27.0171516112092,8.27863943297592,11.5608445251214,9.61110474891637,18.4807096917072,2.93662470430694,1.13299296204145,4.61352366855548,4.39721032809671,2.3287005865452,2.16841711767212,0.838649227228597,1.09313414129551
