"","alpha_bare","alpha_might","alpha_looks_like","alpha_probably","alpha_think","alpha_could","beta_bare","beta_might","beta_looks_like","beta_probably","beta_think","beta_could","cost_bare","cost_might","cost_looks_like","cost_probably","cost_think","cost_could","cost_bare_not","rat_alpha"
"1",10.8381865366762,1.71303502850789,17.5926210880912,17.2794042402287,15.0064944325011,3.4944070314487,2.90683386464521,23.7897094483853,9.61500203657723,13.44010462115,11.9666593389531,18.1132246839263,3.04504103190288,1.12212000696908,4.52975801882136,3.91286803171528,2.2408620052715,2.15250439670232,0.979201305709883,1.11933827185805
