"","alpha_bare","alpha_might","alpha_looks_like","alpha_probably","alpha_think","alpha_could","beta_bare","beta_might","beta_looks_like","beta_probably","beta_think","beta_could","cost_bare","cost_might","cost_looks_like","cost_probably","cost_think","cost_could","cost_bare_not","rat_alpha"
"1",9.4146151107799,1.60327057798627,15.0881216359687,16.2512160959905,15.1660680088783,4.01521088712188,2.51441617288586,22.3868291273583,8.40262133046486,12.4336633766152,11.7082615279385,20.9156048881891,2.93725345994667,1.25468575275719,4.82720266229788,3.9497545585676,2.38480356970773,2.32864297164374,1.01872653080569,1.04048992860227
