"","alpha_bare","alpha_might","alpha_looks_like","alpha_probably","alpha_think","alpha_could","beta_bare","beta_might","beta_looks_like","beta_probably","beta_think","beta_could","cost_bare","cost_might","cost_looks_like","cost_probably","cost_think","cost_could","cost_bare_not","rat_alpha"
"1",11.7837696912632,1.52490887268897,14.8445199884417,15.7310908041473,12.8732357782149,3.71344781809362,3.22654978743537,24.9490392789673,7.80934330204254,12.0730546414744,9.7521329434048,19.1878013950005,3.08014804240013,1.28776964716756,4.58473208105086,4.26253770476503,2.49466649387802,2.24707499287528,0.992097435126036,1.05296232707664
