"","alpha_bare","alpha_might","alpha_looks_like","alpha_probably","alpha_think","alpha_could","beta_bare","beta_might","beta_looks_like","beta_probably","beta_think","beta_could","cost_bare","cost_might","cost_looks_like","cost_probably","cost_think","cost_could","cost_bare_not","rat_alpha"
"1",10.5405711913019,1.97935779273143,16.6307574469964,15.834782417234,14.2654056545833,3.65037199271528,2.8724998216609,22.4882832745264,8.93745135072459,12.5259868044744,11.482987303403,19.0153459661493,3.60660723584062,0.980173568220868,4.42410663981369,2.99258822897375,2.3866391103911,2.04549180481207,1.06653500277094,1.19578139656866
