"","alpha_bare","alpha_might","alpha_looks_like","alpha_probably","alpha_think","alpha_could","beta_bare","beta_might","beta_looks_like","beta_probably","beta_think","beta_could","cost_bare","cost_might","cost_looks_like","cost_probably","cost_think","cost_could","cost_bare_not","rat_alpha"
"1",3.09243264209505,0.15935849638973,10.1184899234823,10.2981062198913,11.0075756002693,1.54838394803377,0.359591448241916,4.1512359833244,4.18571936450497,7.30285445948531,8.1000648026374,3.82501030245746,2.55107835265098,1.31114281192136,4.73509195518259,4.44357379075285,2.37543055638608,2.08461723862136,0.857282138439104,1.10636939417808
