"","alpha_bare","alpha_might","alpha_looks_like","alpha_probably","alpha_think","alpha_could","beta_bare","beta_might","beta_looks_like","beta_probably","beta_think","beta_could","cost_bare","cost_might","cost_looks_like","cost_probably","cost_think","cost_could","cost_bare_not","rat_alpha"
"1",4.42483432415654,0.267312713166445,9.76435815231705,10.2328768461213,4.42956282749445,3.38590041053682,0.707850185573617,28.0887051831463,4.24018904495846,8.27577878955704,2.87617007439219,24.6769982878924,2.96642650986134,1.33028860974081,4.84643912412071,3.96625939995221,2.49066330284839,2.69551065951809,0.619099922411422,1.01768642115731
