"","alpha_bare","alpha_might","alpha_looks_like","alpha_probably","alpha_think","alpha_could","beta_bare","beta_might","beta_looks_like","beta_probably","beta_think","beta_could","cost_bare","cost_might","cost_looks_like","cost_probably","cost_think","cost_could","cost_bare_not","rat_alpha"
"1",2.46232624698635,0.640364503082413,10.3945169926344,14.1306814117478,11.4570708920425,1.19904086384354,0.139328238419236,4.168717211019,4.83545043991025,10.4519756943513,8.46130487802591,2.9653555605412,2.25751690903278,0.925805095666937,4.83302819984019,3.02624569592844,2.05393022072647,1.74135083007207,1.07729377488502,1.31916905739706
