"","alpha_bare","alpha_might","alpha_looks_like","alpha_probably","alpha_think","alpha_could","beta_bare","beta_might","beta_looks_like","beta_probably","beta_think","beta_could","cost_bare","cost_might","cost_looks_like","cost_probably","cost_think","cost_could","cost_bare_not","rat_alpha"
"1",3.64974209093922,0.242378821982536,12.380300331512,9.62515630480606,13.983745463973,1.75894444320571,0.396814364211069,6.20175338158076,6.71569372807016,7.01966949244417,10.6208956544218,4.98099529273925,3.30975312354473,1.566783983271,4.75867717651029,4.23897311539023,3.08173181714152,2.92866480191932,0.638671890516228,0.937958391485082
