"","alpha_bare","alpha_might","alpha_looks_like","alpha_probably","alpha_think","alpha_could","beta_bare","beta_might","beta_looks_like","beta_probably","beta_think","beta_could","cost_bare","cost_might","cost_looks_like","cost_probably","cost_think","cost_could","cost_bare_not","rat_alpha"
"1",2.8010337864744,0.470488840412251,4.31544878441071,4.86510379890367,6.75218644459974,3.20779165501682,0.273027421393452,6.48153597955575,1.62501991061065,3.39341223926908,4.67397233137229,14.5406638875641,2.3469508416222,0.990149789081716,4.75114404159343,4.48274184646104,2.29374878777612,2.04362177416812,0.874009442805422,1.18017853834641
