"","alpha_bare","alpha_might","alpha_looks_like","alpha_probably","alpha_think","alpha_could","beta_bare","beta_might","beta_looks_like","beta_probably","beta_think","beta_could","cost_bare","cost_might","cost_looks_like","cost_probably","cost_think","cost_could","cost_bare_not","rat_alpha"
"1",1.88089889057414,2.19290755799429,4.1835628091602,5.93833074929827,5.78671888558336,0.865769473688838,0.00957116901274535,20.0279724950966,1.5809842244538,4.10312490503013,3.8602112698143,3.10136535070733,2.26794113327856,0.915528104976187,4.2564503850343,4.47819514959994,2.28300049340487,1.70963211967436,0.820781366034318,1.26583251931314
