"","alpha_bare","alpha_might","alpha_looks_like","alpha_probably","alpha_think","alpha_could","beta_bare","beta_might","beta_looks_like","beta_probably","beta_think","beta_could","cost_bare","cost_might","cost_looks_like","cost_probably","cost_think","cost_could","cost_bare_not","rat_alpha"
"1",3.23720377708199,0.144931273784878,9.9108497788527,11.5804307898522,6.64399055035043,0.326464834154045,0.417855243000127,26.5081103384372,4.46450755246365,8.18505063814649,4.32899469296966,2.48043593675946,2.55903842240152,1.17265155130465,4.77231031372305,4.52807576619753,2.57687196254395,2.47606597657649,0.547329384602779,1.09605696274991
