"","alpha_bare","alpha_might","alpha_looks_like","alpha_probably","alpha_think","alpha_could","beta_bare","beta_might","beta_looks_like","beta_probably","beta_think","beta_could","cost_bare","cost_might","cost_looks_like","cost_probably","cost_think","cost_could","cost_bare_not","rat_alpha"
"1",3.99953432599145,0.26557277188336,5.64126408104087,12.730040279997,6.40150775519002,0.892151903628351,0.786546471077103,5.03637758449865,2.25418310964424,9.39290581736559,4.23895130018078,2.74434087770715,2.82299933294574,1.25557392298488,4.61149920664615,4.57883430508877,2.33581316462536,2.24801455752473,0.898590594512001,1.08112877480585
