"","alpha_bare","alpha_might","alpha_looks_like","alpha_probably","alpha_think","alpha_could","beta_bare","beta_might","beta_looks_like","beta_probably","beta_think","beta_could","cost_bare","cost_might","cost_looks_like","cost_probably","cost_think","cost_could","cost_bare_not","rat_alpha"
"1",5.8761426369251,0.258033632919108,12.6787955790029,15.9510224360648,6.33131891393061,3.53153436529007,1.56538956150288,27.5811311945453,6.79604377249543,13.3356323311407,4.68378955502957,22.3355424255035,4.07002570862959,1.87431997497524,4.82149778084087,4.68560270608194,3.26423058061307,3.5901780345716,0.507270483173843,0.763977605705069
