"","alpha_bare","alpha_might","alpha_looks_like","alpha_probably","alpha_think","alpha_could","beta_bare","beta_might","beta_looks_like","beta_probably","beta_think","beta_could","cost_bare","cost_might","cost_looks_like","cost_probably","cost_think","cost_could","cost_bare_not","rat_alpha"
"1",2.21801561476884,2.3138863987181,6.53502299492482,8.97075323357538,12.6693091297318,1.9909347976562,0.0640154397871551,9.53362126415257,3.12973735725494,6.4759563804143,9.49404344573824,4.82066196415325,2.2496751494479,0.779807554380264,4.25871445420225,3.93276013153458,1.83593070866431,1.31440898123219,1.26696724613172,1.43841725951948
