"","alpha_bare","alpha_might","alpha_looks_like","alpha_probably","alpha_think","alpha_could","beta_bare","beta_might","beta_looks_like","beta_probably","beta_think","beta_could","cost_bare","cost_might","cost_looks_like","cost_probably","cost_think","cost_could","cost_bare_not","rat_alpha"
"1",2.71819744292566,4.24578864787169,7.4317204024565,6.14640316364239,4.42215168437226,1.79198103154045,0.146556575383965,22.0387031662807,3.45806137426348,4.67505935874389,3.11790993077806,5.13401402297067,2.37231761600556,0.663387201287901,4.35883217924358,4.6158525150393,3.76681821094662,1.12027310984159,1.31380942046034,1.45139866258914
