"","alpha_bare","alpha_might","alpha_looks_like","alpha_probably","alpha_think","alpha_could","beta_bare","beta_might","beta_looks_like","beta_probably","beta_think","beta_could","cost_bare","cost_might","cost_looks_like","cost_probably","cost_think","cost_could","cost_bare_not","rat_alpha"
"1",2.9712003771867,14.2384210222207,5.82064099060063,10.3055921619768,10.1105646181071,11.9395649488912,0.352013834045017,27.2102786055649,2.92066184866464,7.50444361141065,8.03051208766248,19.0949051934005,2.09144994789006,0.661276123472347,4.32763940224571,4.25284565145619,1.31687874771015,1.1356494701138,1.72907236720736,1.6768674776155
