"","alpha_bare","alpha_might","alpha_looks_like","alpha_probably","alpha_think","alpha_could","beta_bare","beta_might","beta_looks_like","beta_probably","beta_think","beta_could","cost_bare","cost_might","cost_looks_like","cost_probably","cost_think","cost_could","cost_bare_not","rat_alpha"
"1",3.7337232541846,0.93208205883172,6.87181577876989,10.7350103636711,2.6812304513654,3.73284849696408,0.577239650304191,15.6568721593535,3.23432989402278,8.21047073183968,1.89857811538923,21.1570366831457,2.5219423084645,0.758574576700241,4.49687981945705,4.60953168570928,1.93218309136945,1.63173343464696,0.860033555515687,1.31312899115079
