"","alpha_bare","alpha_might","alpha_looks_like","alpha_probably","alpha_think","alpha_could","beta_bare","beta_might","beta_looks_like","beta_probably","beta_think","beta_could","cost_bare","cost_might","cost_looks_like","cost_probably","cost_think","cost_could","cost_bare_not","rat_alpha"
"1",3.13876076541563,0.364844846693824,6.80611166612505,6.91169206594203,3.18695827010755,0.523422674314098,0.259038503229636,18.6524498182899,3.07897712219945,4.76662939377785,2.29322308487355,2.65682865553807,2.57943561526743,1.19483084250287,4.68202059749254,3.97130904640623,2.74412721870779,2.2182974560912,0.590601155408932,1.07015387492463
