"","alpha_bare","alpha_might","alpha_looks_like","alpha_probably","alpha_think","alpha_could","beta_bare","beta_might","beta_looks_like","beta_probably","beta_think","beta_could","cost_bare","cost_might","cost_looks_like","cost_probably","cost_think","cost_could","cost_bare_not","rat_alpha"
"1",3.31344392513292,1.69178557657954,6.46038729901356,4.11274800361689,4.11989862590316,3.1125427748825,0.575436232636057,14.1569463104079,2.89891869151542,3.02604850618571,3.01520303722464,13.4917677136247,2.32287554097938,0.766307452860749,4.35050791976764,4.20523837348721,1.99823511328523,1.59009959250827,0.955006031280712,1.33369799228542
